﻿{
   "Application": {
      "SaveHistoryPath": "",
      "HistoryFilterFavorites": false,
      "OptionsPageIndex": 4,
      "HistoryFilter": ""
   },
   "Exceptions": {
      "Disabled": [["", "SysListView32"], ["", "SysTreeView32"], ["", "ListBox"], ["", "ScrollBar"], ["", "ComboBox"], ["", "msctls_hotkey32"], ["", "ConsoleWindowClass"], ["mstsc.exe", ""]],
      "Enabled": [],
      "DisabledMode": true
   },
   "Contents": {
      "EditBackTranslation": "",
      "SaveOnExit": true,
      "EditTranslation": "乇乂 丅 卂 卂 丅卄 匚匚 匚匚",
      "EditSource": ""
   },
   "Advanced": {
      "EnableSlowerListening": true,
      "OcrApiKey": "",
      "LayoutIndicator": 0,
      "EnableGuiTranslation": false,
      "CopyAction": 0,
      "SwitchMouseModeOnTrayClick": true,
      "DefaultBrowserId": "",
      "EnableMouseModeOnCtrl": false,
      "RemoveLineBreaks": false,
      "PreferredDomain": "com"
   },
   "Appearance": {
      "EnableWindowStyle": false,
      "PopupAutoSize": true,
      "ColorFrame": 8023133,
      "PopupPinWhenDragging": true,
      "PopupWindowFrameThickness": 2,
      "Transparency": 217,
      "PopupIcons": 30,
      "ColorText": 0,
      "PopupAutoFocus": false,
      "ThemeName": "",
      "PopupAutoPos": true,
      "PopupTimeout": 5,
      "ColorBack": 15790320
   },
   "Internet": {
      "Timeout": 10000
   },
   "HotKeys": {
      "EnableHotKeys": true,
      "HotKeyListenText": 581,
      "HotKeyTranslateClipboardInMainWindow": 0,
      "HotKeyReplaceSelection": 0,
      "HotKeyHistory": 0,
      "HotKeySwitchMouseMode": 0,
      "HotKeyTextRecognition": 0,
      "HotKeyDictionaryClipboard": 0,
      "HotKeySpeechInput": 0,
      "HotKeyConvertTextLayout": 0,
      "HotKeyCopyTranslation": 0,
      "HotKeyTranslateClipboardInPopupWindow": 0,
      "HotKeyDictionary": 1617,
      "HotKeyListenTranslation": 0,
      "HotKeyTranslateClipboard": 0,
      "HotKeyKeyboard": 0,
      "HotKeyPopupWindow": 593,
      "HotKeyMainWindow": 33280
   },
   "OfflineDictionaries": [],
   "Ocr": {
      "OcrLanguage": 17,
      "SaveImagePath": ""
   },
   "Update": {
      "CheckForUpdates": false
   },
   "DisabledServices": [],
   "Proxy": {
      "Password": "",
      "Scheme": 0,
      "Host": "",
      "ProxyType": 0,
      "Username": "",
      "Port": 0
   },
   "DictionariesOrder": [10, 19, 20, 14, 17, 18, 22, 24, 25, 26, 29],
   "DisabledLanguages": [2, 4, 5, 6, 3, 7, 8, 74, 9, 10, 11, 12, 13, 14, 15, 16, 60, 18, 20, 19, 21, 22, 34, 23, 24, 25, 26, 27, 61, 28, 29, 30, 32, 31, 71, 64, 69, 35, 63, 62, 36, 37, 38, 39, 40, 73, 70, 41, 42, 43, 44, 45, 46, 47, 66, 48, 49, 50, 51, 52, 67, 72, 75, 68, 53, 54, 55, 56, 65, 58, 59],
   "DisabledDictionaries": [],
   "Dictionary": {
      "ShowServicesPane": true,
      "DictionaryZoom": 100,
      "DictionaryExactSearch": true
   },
   "LanguagePairs": [[1, 17], [1, 57], [1, 33]],
   "General": {
      "InstantTranslation": false,
      "LanguageDictionary": 17,
      "LanguageKeyboard": 17,
      "AutoCleanupOfTranslation": false,
      "MouseMode": 0,
      "WindowPopupPlacement": "",
      "ClearHistoryOnExit": false,
      "EnableHistory": true,
      "WindowKeyboardPlacement": "",
      "ShowServicesPane": false,
      "MinimizeToTrayOnMinimize": false,
      "WindowMainPlacement": "2C0000000000000001000000FFFFFFFFFFFFFFFFFFFFFFFFFFFFFFFF19020000F70000007204000065020000",
      "BackTranslation": false,
      "WindowHistoryPlacement": "",
      "WindowOptionsPlacement": "2C0000000000000001000000FFFFFFFFFFFFFFFFFFFFFFFFFFFFFFFFDB010000EB0000006504000072020000",
      "ActiveServices": [1],
      "UseSmartDetection": true,
      "ShowMiddlePane": true,
      "LanguageTo": 17,
      "WindowDictionaryPlacement": "2C0000000000000001000000FFFFFFFFFFFFFFFFFFFFFFFFFFFFFFFF2B020000040100001504000058020000",
      "ShowTopPane": true,
      "MidSplitterPos": 122,
      "LanguageFrom": 1,
      "LocaleFoderName": "English",
      "ReadPhonetically": true,
      "FontName": "",
      "MainWindowStartupAction": 0,
      "ActiveDictionaryServices": [10],
      "AlwaysDetectLanguage": false,
      "MainWindowShowOnLoad": false,
      "MinimizeToTrayOnClose": true,
      "ExpandHistoryItems": false,
      "BackTranslationSplitterPos": -1,
      "MouseModeOn": false,
      "SpellChecking": true,
      "ClearOnDragDrop": true,
      "TextSize": 9
   },
   "ServicesOrder": [1, 5, 12, 13, 11, 26, 28, 30, 31],
   "AutoDetection": {
      "LanguageFirst": 57,
      "LanguageSecond": 17,
      "LanguageSpeechRecognition": 57
   }
}
